Workbook

Sheet 日程表
A1: 令 和 ８ 年 朝 野 球 日 程 表
A2: ５ 月 | F2: ６ 月 | K2: ７ 月 | Q2: No.
A3: 日 | B3: 曜 | C3: 対 戦 チ ー ム | D3: 審 判 | F3: 日 | G3: 曜 | H3: 対 戦 チ ー ム | I3: 審 判 | K3: 日 | L3: 曜 | M3: 対 戦 チ ー ム | N3: 審 判 | Q3: 1 | R3: =IFERROR(VLOOKUP(1,勝敗表!$A$3:$B$8,2,0),"")
A4: 1 | B4: 金 | F4: 1 | G4: 月 | K4: 1 | L4: 水 | M4: =IFERROR(VLOOKUP(3,勝敗表!$A$3:$B$8,2,0)&" ー "&VLOOKUP(4,勝敗表!$A$3:$B$8,2,0),"3 ー 4") | N4: =IFERROR(VLOOKUP(1,勝敗表!$A$3:$B$8,2,0)&"・"&VLOOKUP(5,勝敗表!$A$3:$B$8,2,0),"1・5") | Q4: 2 | R4: =IFERROR(VLOOKUP(2,勝敗表!$A$3:$B$8,2,0),"")
A5: 2 | B5: 土 | F5: 2 | G5: 火 | H5: =IFERROR(VLOOKUP(1,勝敗表!$A$3:$B$8,2,0)&" ー "&VLOOKUP(6,勝敗表!$A$3:$B$8,2,0),"1 ー 6") | I5: =IFERROR(VLOOKUP(2,勝敗表!$A$3:$B$8,2,0)&"・"&VLOOKUP(4,勝敗表!$A$3:$B$8,2,0),"2・4") | K5: 2 | L5: 木 | M5: =IFERROR(VLOOKUP(2,勝敗表!$A$3:$B$8,2,0)&" ー "&VLOOKUP(6,勝敗表!$A$3:$B$8,2,0),"2 ー 6") | N5: =IFERROR(VLOOKUP(3,勝敗表!$A$3:$B$8,2,0)&"・"&VLOOKUP(4,勝敗表!$A$3:$B$8,2,0),"3・4") | Q5: 3 | R5: =IFERROR(VLOOKUP(3,勝敗表!$A$3:$B$8,2,0),"")
A6: 3 | B6: 日 | F6: 3 | G6: 水 | H6: =IFERROR(VLOOKUP(2,勝敗表!$A$3:$B$8,2,0)&" ー "&VLOOKUP(3,勝敗表!$A$3:$B$8,2,0),"2 ー 3") | I6: =IFERROR(VLOOKUP(1,勝敗表!$A$3:$B$8,2,0)&"・"&VLOOKUP(6,勝敗表!$A$3:$B$8,2,0),"1・6") | K6: 3 | L6: 金 | Q6: 4 | R6: =IFERROR(VLOOKUP(4,勝敗表!$A$3:$B$8,2,0),"")
A7: 4 | B7: 月 | F7: 4 | G7: 木 | H7: =IFERROR(VLOOKUP(4,勝敗表!$A$3:$B$8,2,0)&" ー "&VLOOKUP(5,勝敗表!$A$3:$B$8,2,0),"4 ー 5") | I7: =IFERROR(VLOOKUP(2,勝敗表!$A$3:$B$8,2,0)&"・"&VLOOKUP(3,勝敗表!$A$3:$B$8,2,0),"2・3") | K7: 4 | L7: 土 | Q7: 5 | R7: =IFERROR(VLOOKUP(5,勝敗表!$A$3:$B$8,2,0),"")
A8: 5 | B8: 火 | F8: 5 | G8: 金 | K8: 5 | L8: 日 | Q8: 6 | R8: =IFERROR(VLOOKUP(6,勝敗表!$A$3:$B$8,2,0),"")
A9: 6 | B9: 水 | F9: 6 | G9: 土 | K9: 6 | L9: 月
A10: 7 | B10: 木 | F10: 7 | G10: 日 | K10: 7 | L10: 火
A11: 8 | B11: 金 | F11: 8 | G11: 月 | K11: 8 | L11: 水
A12: 9 | B12: 土 | F12: 9 | G12: 火 | H12: =IFERROR(VLOOKUP(1,勝敗表!$A$3:$B$8,2,0)&" ー "&VLOOKUP(2,勝敗表!$A$3:$B$8,2,0),"1 ー 2") | I12: =IFERROR(VLOOKUP(4,勝敗表!$A$3:$B$8,2,0)&"・"&VLOOKUP(5,勝敗表!$A$3:$B$8,2,0),"4・5") | K12: 9 | L12: 木
A13: 10 | B13: 日 | F13: 10 | G13: 水 | H13: =IFERROR(VLOOKUP(3,勝敗表!$A$3:$B$8,2,0)&" ー "&VLOOKUP(5,勝敗表!$A$3:$B$8,2,0),"3 ー 5") | I13: =IFERROR(VLOOKUP(1,勝敗表!$A$3:$B$8,2,0)&"・"&VLOOKUP(2,勝敗表!$A$3:$B$8,2,0),"1・2") | K13: 10 | L13: 金
A14: 11 | B14: 月 | F14: 11 | G14: 木 | H14: =IFERROR(VLOOKUP(4,勝敗表!$A$3:$B$8,2,0)&" ー "&VLOOKUP(6,勝敗表!$A$3:$B$8,2,0),"4 ー 6") | I14: =IFERROR(VLOOKUP(3,勝敗表!$A$3:$B$8,2,0)&"・"&VLOOKUP(5,勝敗表!$A$3:$B$8,2,0),"3・5") | K14: 11 | L14: 土
A15: 12 | B15: 火 | F15: 12 | G15: 金 | K15: 12 | L15: 日
A16: 13 | B16: 水 | F16: 13 | G16: 土 | K16: 13 | L16: 月
A17: 14 | B17: 木 | F17: 14 | G17: 日 | K17: 14 | L17: 火
A18: 15 | B18: 金 | F18: 15 | G18: 月 | K18: 15 | L18: 水
A19: 16 | B19: 土 | F19: 16 | G19: 火 | H19: 予 備 日 | K19: 16 | L19: 木
A20: 17 | B20: 日 | F20: 17 | G20: 水 | H20: 予 備 日 | K20: 17 | L20: 金
A21: 18 | B21: 月 | F21: 18 | G21: 木 | H21: 予 備 日 | K21: 18 | L21: 土
A22: 19 | B22: 火 | F22: 19 | G22: 金 | K22: 19 | L22: 日
A23: 20 | B23: 水 | F23: 20 | G23: 土 | K23: 20 | L23: 月
A24: 21 | B24: 木 | F24: 21 | G24: 日 | K24: 21 | L24: 火
A25: 22 | B25: 金 | F25: 22 | G25: 月 | K25: 22 | L25: 水
A26: 23 | B26: 土 | F26: 23 | G26: 火 | H26: =IFERROR(VLOOKUP(2,勝敗表!$A$3:$B$8,2,0)&" ー "&VLOOKUP(5,勝敗表!$A$3:$B$8,2,0),"2 ー 5") | I26: =IFERROR(VLOOKUP(4,勝敗表!$A$3:$B$8,2,0)&"・"&VLOOKUP(6,勝敗表!$A$3:$B$8,2,0),"4・6") | K26: 23 | L26: 木
A27: 24 | B27: 日 | F27: 24 | G27: 水 | H27: =IFERROR(VLOOKUP(1,勝敗表!$A$3:$B$8,2,0)&" ー "&VLOOKUP(4,勝敗表!$A$3:$B$8,2,0),"1 ー 4") | I27: =IFERROR(VLOOKUP(2,勝敗表!$A$3:$B$8,2,0)&"・"&VLOOKUP(5,勝敗表!$A$3:$B$8,2,0),"2・5") | K27: 24 | L27: 金
A28: 25 | B28: 月 | F28: 25 | G28: 木 | H28: =IFERROR(VLOOKUP(3,勝敗表!$A$3:$B$8,2,0)&" ー "&VLOOKUP(6,勝敗表!$A$3:$B$8,2,0),"3 ー 6") | I28: =IFERROR(VLOOKUP(1,勝敗表!$A$3:$B$8,2,0)&"・"&VLOOKUP(4,勝敗表!$A$3:$B$8,2,0),"1・4") | K28: 25 | L28: 土
A29: 26 | B29: 火 | C29: =IFERROR(VLOOKUP(1,勝敗表!$A$3:$B$8,2,0)&" ー "&VLOOKUP(3,勝敗表!$A$3:$B$8,2,0),"1 ー 3") | D29: =IFERROR(VLOOKUP(2,勝敗表!$A$3:$B$8,2,0)&"・"&VLOOKUP(6,勝敗表!$A$3:$B$8,2,0),"2・6") | F29: 26 | G29: 金 | K29: 26 | L29: 日
A30: 27 | B30: 水 | C30: =IFERROR(VLOOKUP(5,勝敗表!$A$3:$B$8,2,0)&" ー "&VLOOKUP(6,勝敗表!$A$3:$B$8,2,0),"5 ー 6") | D30: =IFERROR(VLOOKUP(1,勝敗表!$A$3:$B$8,2,0)&"・"&VLOOKUP(3,勝敗表!$A$3:$B$8,2,0),"1・3") | F30: 27 | G30: 土 | K30: 27 | L30: 月
A31: 28 | B31: 木 | C31: =IFERROR(VLOOKUP(2,勝敗表!$A$3:$B$8,2,0)&" ー "&VLOOKUP(4,勝敗表!$A$3:$B$8,2,0),"2 ー 4") | D31: =IFERROR(VLOOKUP(5,勝敗表!$A$3:$B$8,2,0)&"・"&VLOOKUP(6,勝敗表!$A$3:$B$8,2,0),"5・6") | F31: 28 | G31: 日 | K31: 28 | L31: 火
A32: 29 | B32: 金 | F32: 29 | G32: 月 | K32: 29 | L32: 水
A33: 30 | B33: 土 | F33: 30 | G33: 火 | H33: =IFERROR(VLOOKUP(1,勝敗表!$A$3:$B$8,2,0)&" ー "&VLOOKUP(5,勝敗表!$A$3:$B$8,2,0),"1 ー 5") | I33: =IFERROR(VLOOKUP(3,勝敗表!$A$3:$B$8,2,0)&"・"&VLOOKUP(6,勝敗表!$A$3:$B$8,2,0),"3・6") | K33: 30 | L33: 木
A34: 31 | B34: 日 | K34: 31 | L34: 金
A36: 試合あり | F36: 予備日 | K36: 土曜 日曜
A37: ◆ メンバー表交換 5:10 ◆ 試合時間 5:15～6:45 ◆ 6:40を超えて新しいイニングには入らない ◆ 捕手は防具着用で整列

Sheet 勝敗表
A1: 令 和 ８ 年 朝 野 球 リーグ 勝 敗 表
A2: ★ チーム登録（ここにチーム名を入力してください） | D2: ◆ 試合結果入力 ／ ◆ 成績表（右）は自動計算 | L2: ★ 成績表
A3: 1 | B3: 野宮塗装
A4: 2 | B4: 飯詰
A5: 3 | B5: バッカス
A6: 4 | B6: ウエスタン
A7: 5 | B7: 富士電機
A8: 6 | B8: 日産
D9: 日付 | E9: チームA | F9: 得点A | G9: 得点B | H9: チームB | I9: 結果A | J9: 結果B | L9: No. | M9: チーム名 | N9: 勝 | O9: 分 | P9: 敗 | Q9: 勝点 | R9: 得点 | S9: 失点 | T9: 残試合 | U9: 順位
D10: 5/26(火) | E10: =IFERROR(VLOOKUP(1,$A$3:$B$8,2,0),"1") | H10: =IFERROR(VLOOKUP(3,$A$3:$B$8,2,0),"3") | I10: =IF(F10="","",IF(F10>G10,"○",IF(F10=G10,"△","×"))) | J10: =IF(G10="","",IF(G10>F10,"○",IF(G10=F10,"△","×"))) | L10: 1 | M10: =IFERROR(VLOOKUP(1,$A$3:$B$8,2,0),"") | N10: =IF(I10="○",1,0)+IF(I13="○",1,0)+IF(I16="○",1,0)+IF(I20="○",1,0)+IF(I22="○",1,0) | O10: =IF(I10="△",1,0)+IF(I13="△",1,0)+IF(I16="△",1,0)+IF(I20="△",1,0)+IF(I22="△",1,0) | P10: =IF(I10="×",1,0)+IF(I13="×",1,0)+IF(I16="×",1,0)+IF(I20="×",1,0)+IF(I22="×",1,0) | Q10: =N10*3+O10 | R10: =IF(F10<>"",F10,0)+IF(F13<>"",F13,0)+IF(F16<>"",F16,0)+IF(F20<>"",F20,0)+IF(F22<>"",F22,0) | S10: =IF(G10<>"",G10,0)+IF(G13<>"",G13,0)+IF(G16<>"",G16,0)+IF(G20<>"",G20,0)+IF(G22<>"",G22,0) | T10: =5-N10-O10-P10 | U10: =IFERROR(RANK(Q10,$Q$10:$Q$15,0),"")
D11: 5/27(水) | E11: =IFERROR(VLOOKUP(5,$A$3:$B$8,2,0),"5") | H11: =IFERROR(VLOOKUP(6,$A$3:$B$8,2,0),"6") | I11: =IF(F11="","",IF(F11>G11,"○",IF(F11=G11,"△","×"))) | J11: =IF(G11="","",IF(G11>F11,"○",IF(G11=F11,"△","×"))) | L11: 2 | M11: =IFERROR(VLOOKUP(2,$A$3:$B$8,2,0),"") | N11: =IF(I12="○",1,0)+IF(I14="○",1,0)+IF(I19="○",1,0)+IF(I24="○",1,0)+IF(J16="○",1,0) | O11: =IF(I12="△",1,0)+IF(I14="△",1,0)+IF(I19="△",1,0)+IF(I24="△",1,0)+IF(J16="△",1,0) | P11: =IF(I12="×",1,0)+IF(I14="×",1,0)+IF(I19="×",1,0)+IF(I24="×",1,0)+IF(J16="×",1,0) | Q11: =N11*3+O11 | R11: =IF(F12<>"",F12,0)+IF(F14<>"",F14,0)+IF(F19<>"",F19,0)+IF(F24<>"",F24,0)+IF(G16<>"",G16,0) | S11: =IF(G12<>"",G12,0)+IF(G14<>"",G14,0)+IF(G19<>"",G19,0)+IF(G24<>"",G24,0)+IF(F16<>"",F16,0) | T11: =5-N11-O11-P11 | U11: =IFERROR(RANK(Q11,$Q$10:$Q$15,0),"")
D12: 5/28(木) | E12: =IFERROR(VLOOKUP(2,$A$3:$B$8,2,0),"2") | H12: =IFERROR(VLOOKUP(4,$A$3:$B$8,2,0),"4") | I12: =IF(F12="","",IF(F12>G12,"○",IF(F12=G12,"△","×"))) | J12: =IF(G12="","",IF(G12>F12,"○",IF(G12=F12,"△","×"))) | L12: 3 | M12: =IFERROR(VLOOKUP(3,$A$3:$B$8,2,0),"") | N12: =IF(I17="○",1,0)+IF(I21="○",1,0)+IF(I23="○",1,0)+IF(J10="○",1,0)+IF(J14="○",1,0) | O12: =IF(I17="△",1,0)+IF(I21="△",1,0)+IF(I23="△",1,0)+IF(J10="△",1,0)+IF(J14="△",1,0) | P12: =IF(I17="×",1,0)+IF(I21="×",1,0)+IF(I23="×",1,0)+IF(J10="×",1,0)+IF(J14="×",1,0) | Q12: =N12*3+O12 | R12: =IF(F17<>"",F17,0)+IF(F21<>"",F21,0)+IF(F23<>"",F23,0)+IF(G10<>"",G10,0)+IF(G14<>"",G14,0) | S12: =IF(G17<>"",G17,0)+IF(G21<>"",G21,0)+IF(G23<>"",G23,0)+IF(F10<>"",F10,0)+IF(F14<>"",F14,0) | T12: =5-N12-O12-P12 | U12: =IFERROR(RANK(Q12,$Q$10:$Q$15,0),"")
D13: 6/2(火) | E13: =IFERROR(VLOOKUP(1,$A$3:$B$8,2,0),"1") | H13: =IFERROR(VLOOKUP(6,$A$3:$B$8,2,0),"6") | I13: =IF(F13="","",IF(F13>G13,"○",IF(F13=G13,"△","×"))) | J13: =IF(G13="","",IF(G13>F13,"○",IF(G13=F13,"△","×"))) | L13: 4 | M13: =IFERROR(VLOOKUP(4,$A$3:$B$8,2,0),"") | N13: =IF(I15="○",1,0)+IF(I18="○",1,0)+IF(J12="○",1,0)+IF(J20="○",1,0)+IF(J23="○",1,0) | O13: =IF(I15="△",1,0)+IF(I18="△",1,0)+IF(J12="△",1,0)+IF(J20="△",1,0)+IF(J23="△",1,0) | P13: =IF(I15="×",1,0)+IF(I18="×",1,0)+IF(J12="×",1,0)+IF(J20="×",1,0)+IF(J23="×",1,0) | Q13: =N13*3+O13 | R13: =IF(F15<>"",F15,0)+IF(F18<>"",F18,0)+IF(G12<>"",G12,0)+IF(G20<>"",G20,0)+IF(G23<>"",G23,0) | S13: =IF(G15<>"",G15,0)+IF(G18<>"",G18,0)+IF(F12<>"",F12,0)+IF(F20<>"",F20,0)+IF(F23<>"",F23,0) | T13: =5-N13-O13-P13 | U13: =IFERROR(RANK(Q13,$Q$10:$Q$15,0),"")
D14: 6/3(水) | E14: =IFERROR(VLOOKUP(2,$A$3:$B$8,2,0),"2") | H14: =IFERROR(VLOOKUP(3,$A$3:$B$8,2,0),"3") | I14: =IF(F14="","",IF(F14>G14,"○",IF(F14=G14,"△","×"))) | J14: =IF(G14="","",IF(G14>F14,"○",IF(G14=F14,"△","×"))) | L14: 5 | M14: =IFERROR(VLOOKUP(5,$A$3:$B$8,2,0),"") | N14: =IF(I11="○",1,0)+IF(J15="○",1,0)+IF(J17="○",1,0)+IF(J19="○",1,0)+IF(J22="○",1,0) | O14: =IF(I11="△",1,0)+IF(J15="△",1,0)+IF(J17="△",1,0)+IF(J19="△",1,0)+IF(J22="△",1,0) | P14: =IF(I11="×",1,0)+IF(J15="×",1,0)+IF(J17="×",1,0)+IF(J19="×",1,0)+IF(J22="×",1,0) | Q14: =N14*3+O14 | R14: =IF(F11<>"",F11,0)+IF(G15<>"",G15,0)+IF(G17<>"",G17,0)+IF(G19<>"",G19,0)+IF(G22<>"",G22,0) | S14: =IF(G11<>"",G11,0)+IF(F15<>"",F15,0)+IF(F17<>"",F17,0)+IF(F19<>"",F19,0)+IF(F22<>"",F22,0) | T14: =5-N14-O14-P14 | U14: =IFERROR(RANK(Q14,$Q$10:$Q$15,0),"")
D15: 6/4(木) | E15: =IFERROR(VLOOKUP(4,$A$3:$B$8,2,0),"4") | H15: =IFERROR(VLOOKUP(5,$A$3:$B$8,2,0),"5") | I15: =IF(F15="","",IF(F15>G15,"○",IF(F15=G15,"△","×"))) | J15: =IF(G15="","",IF(G15>F15,"○",IF(G15=F15,"△","×"))) | L15: 6 | M15: =IFERROR(VLOOKUP(6,$A$3:$B$8,2,0),"") | N15: =IF(J11="○",1,0)+IF(J13="○",1,0)+IF(J18="○",1,0)+IF(J21="○",1,0)+IF(J24="○",1,0) | O15: =IF(J11="△",1,0)+IF(J13="△",1,0)+IF(J18="△",1,0)+IF(J21="△",1,0)+IF(J24="△",1,0) | P15: =IF(J11="×",1,0)+IF(J13="×",1,0)+IF(J18="×",1,0)+IF(J21="×",1,0)+IF(J24="×",1,0) | Q15: =N15*3+O15 | R15: =IF(G11<>"",G11,0)+IF(G13<>"",G13,0)+IF(G18<>"",G18,0)+IF(G21<>"",G21,0)+IF(G24<>"",G24,0) | S15: =IF(F11<>"",F11,0)+IF(F13<>"",F13,0)+IF(F18<>"",F18,0)+IF(F21<>"",F21,0)+IF(F24<>"",F24,0) | T15: =5-N15-O15-P15 | U15: =IFERROR(RANK(Q15,$Q$10:$Q$15,0),"")
D16: 6/9(火) | E16: =IFERROR(VLOOKUP(1,$A$3:$B$8,2,0),"1") | H16: =IFERROR(VLOOKUP(2,$A$3:$B$8,2,0),"2") | I16: =IF(F16="","",IF(F16>G16,"○",IF(F16=G16,"△","×"))) | J16: =IF(G16="","",IF(G16>F16,"○",IF(G16=F16,"△","×")))
D17: 6/10(水) | E17: =IFERROR(VLOOKUP(3,$A$3:$B$8,2,0),"3") | H17: =IFERROR(VLOOKUP(5,$A$3:$B$8,2,0),"5") | I17: =IF(F17="","",IF(F17>G17,"○",IF(F17=G17,"△","×"))) | J17: =IF(G17="","",IF(G17>F17,"○",IF(G17=F17,"△","×")))
D18: 6/11(木) | E18: =IFERROR(VLOOKUP(4,$A$3:$B$8,2,0),"4") | H18: =IFERROR(VLOOKUP(6,$A$3:$B$8,2,0),"6") | I18: =IF(F18="","",IF(F18>G18,"○",IF(F18=G18,"△","×"))) | J18: =IF(G18="","",IF(G18>F18,"○",IF(G18=F18,"△","×")))
D19: 6/23(火) | E19: =IFERROR(VLOOKUP(2,$A$3:$B$8,2,0),"2") | H19: =IFERROR(VLOOKUP(5,$A$3:$B$8,2,0),"5") | I19: =IF(F19="","",IF(F19>G19,"○",IF(F19=G19,"△","×"))) | J19: =IF(G19="","",IF(G19>F19,"○",IF(G19=F19,"△","×")))
D20: 6/24(水) | E20: =IFERROR(VLOOKUP(1,$A$3:$B$8,2,0),"1") | H20: =IFERROR(VLOOKUP(4,$A$3:$B$8,2,0),"4") | I20: =IF(F20="","",IF(F20>G20,"○",IF(F20=G20,"△","×"))) | J20: =IF(G20="","",IF(G20>F20,"○",IF(G20=F20,"△","×")))
D21: 6/25(木) | E21: =IFERROR(VLOOKUP(3,$A$3:$B$8,2,0),"3") | H21: =IFERROR(VLOOKUP(6,$A$3:$B$8,2,0),"6") | I21: =IF(F21="","",IF(F21>G21,"○",IF(F21=G21,"△","×"))) | J21: =IF(G21="","",IF(G21>F21,"○",IF(G21=F21,"△","×")))
D22: 6/30(火) | E22: =IFERROR(VLOOKUP(1,$A$3:$B$8,2,0),"1") | H22: =IFERROR(VLOOKUP(5,$A$3:$B$8,2,0),"5") | I22: =IF(F22="","",IF(F22>G22,"○",IF(F22=G22,"△","×"))) | J22: =IF(G22="","",IF(G22>F22,"○",IF(G22=F22,"△","×")))
D23: 7/1(水) | E23: =IFERROR(VLOOKUP(3,$A$3:$B$8,2,0),"3") | H23: =IFERROR(VLOOKUP(4,$A$3:$B$8,2,0),"4") | I23: =IF(F23="","",IF(F23>G23,"○",IF(F23=G23,"△","×"))) | J23: =IF(G23="","",IF(G23>F23,"○",IF(G23=F23,"△","×")))
D24: 7/2(木) | E24: =IFERROR(VLOOKUP(2,$A$3:$B$8,2,0),"2") | H24: =IFERROR(VLOOKUP(6,$A$3:$B$8,2,0),"6") | I24: =IF(F24="","",IF(F24>G24,"○",IF(F24=G24,"△","×"))) | J24: =IF(G24="","",IF(G24>F24,"○",IF(G24=F24,"△","×")))
A26: ※ 得点欄（黄色セル）に点数を入力するだけで勝敗・成績表が自動更新されます ◆ 降雨中止の場合は「☂」と入力
